{"assets/fonts/Raleway-Bold.ttf":["assets/fonts/Raleway-Bold.ttf"],"assets/fonts/Raleway-Italic.ttf":["assets/fonts/Raleway-Italic.ttf"],"assets/fonts/Raleway-Regular.ttf":["assets/fonts/Raleway-Regular.ttf"],"assets/fonts/SRF2.ttf":["assets/fonts/SRF2.ttf"],"assets/images/carousel/slider1.jpg":["assets/images/carousel/slider1.jpg"],"assets/images/carousel/slider2.jpg":["assets/images/carousel/slider2.jpg"],"assets/images/carousel/slider3.jpg":["assets/images/carousel/slider3.jpg"],"assets/images/footer.png":["assets/images/footer.png"],"assets/images/icons/forms.png":["assets/images/icons/forms.png"],"assets/images/icons/gilfe.png":["assets/images/icons/gilfe.png"],"assets/images/icons/gmail.png":["assets/images/icons/gmail.png"],"assets/images/icons/icon_search.png":["assets/images/icons/icon_search.png"],"assets/images/icons/icon_select.png":["assets/images/icons/icon_select.png"],"assets/images/icons/icon_share.png":["assets/images/icons/icon_share.png"],"assets/images/icons/icon_writing.png":["assets/images/icons/icon_writing.png"],"assets/images/icons/icone.png":["assets/images/icons/icone.png"],"assets/images/icons/imd.png":["assets/images/icons/imd.png"],"assets/images/icons/meet.png":["assets/images/icons/meet.png"],"assets/images/icons/ppgite.png":["assets/images/icons/ppgite.png"],"assets/images/icons/remne.jpg":["assets/images/icons/remne.jpg"],"assets/images/icons/sala-de-aula.png":["assets/images/icons/sala-de-aula.png"],"assets/images/icons/ufrn.png":["assets/images/icons/ufrn.png"],"assets/images/img.jpg":["assets/images/img.jpg"],"assets/images/img2.jpg":["assets/images/img2.jpg"],"assets/images/logo.png":["assets/images/logo.png"],"assets/images/not-found.png":["assets/images/not-found.png"],"assets/images/team/AmandaMaria.jpg":["assets/images/team/AmandaMaria.jpg"],"assets/images/team/AnaCarolina.jpeg":["assets/images/team/AnaCarolina.jpeg"],"assets/images/team/DenisSilva.jpg":["assets/images/team/DenisSilva.jpg"],"assets/images/team/DennysLeite.jpg":["assets/images/team/DennysLeite.jpg"],"assets/images/team/EmanuelKywal.jpg":["assets/images/team/EmanuelKywal.jpg"],"assets/images/team/FláviaViana.jpg":["assets/images/team/FláviaViana.jpg"],"assets/images/team/GabrielBarreto.png":["assets/images/team/GabrielBarreto.png"],"assets/images/team/GiluizaCatarina.jpeg":["assets/images/team/GiluizaCatarina.jpeg"],"assets/images/team/IgorAntonio.png":["assets/images/team/IgorAntonio.png"],"assets/images/team/IgorRauan.jpg":["assets/images/team/IgorRauan.jpg"],"assets/images/team/Keven.jpg":["assets/images/team/Keven.jpg"],"assets/images/team/Leonel.jpg":["assets/images/team/Leonel.jpg"],"assets/images/team/LucasToshio.jpeg":["assets/images/team/LucasToshio.jpeg"],"assets/images/team/MariaLuiza.jpg":["assets/images/team/MariaLuiza.jpg"],"assets/images/team/Raiza.jpeg":["assets/images/team/Raiza.jpeg"],"assets/images/team/Roberia.jpg":["assets/images/team/Roberia.jpg"],"assets/images/team/Samuel.jpg":["assets/images/team/Samuel.jpg"],"assets/images/team/SaraSilva.jpg":["assets/images/team/SaraSilva.jpg"],"assets/images/team/vitor.jpeg":["assets/images/team/vitor.jpeg"],"assets/images/test.png":["assets/images/test.png"],"packages/cupertino_icons/assets/CupertinoIcons.ttf":["packages/cupertino_icons/assets/CupertinoIcons.ttf"],"packages/flutter_inappwebview/assets/t_rex_runner/t-rex.css":["packages/flutter_inappwebview/assets/t_rex_runner/t-rex.css"],"packages/flutter_inappwebview/assets/t_rex_runner/t-rex.html":["packages/flutter_inappwebview/assets/t_rex_runner/t-rex.html"],"packages/flutter_inappwebview_web/assets/web/web_support.js":["packages/flutter_inappwebview_web/assets/web/web_support.js"],"packages/flutter_map/lib/assets/flutter_map_logo.png":["packages/flutter_map/lib/assets/flutter_map_logo.png"],"packages/font_awesome_flutter/lib/fonts/fa-brands-400.ttf":["packages/font_awesome_flutter/lib/fonts/fa-brands-400.ttf"],"packages/font_awesome_flutter/lib/fonts/fa-regular-400.ttf":["packages/font_awesome_flutter/lib/fonts/fa-regular-400.ttf"],"packages/font_awesome_flutter/lib/fonts/fa-solid-900.ttf":["packages/font_awesome_flutter/lib/fonts/fa-solid-900.ttf"],"packages/youtube_player_flutter/assets/speedometer.webp":["packages/youtube_player_flutter/assets/speedometer.webp"]}